filename,field,value,count
深圳市_事件活动.shp,entr_locat,[],3
深圳市_事件活动.shp,entr_locat,"113.97358364700962,22.540835006629546",1
深圳市_事件活动.shp,exit_locat,[],3
深圳市_事件活动.shp,exit_locat,"113.978514,22.53789",1
深圳市_交通设施服务.shp,entr_locat,[],43
深圳市_交通设施服务.shp,entr_locat,"114.02431908391917,22.553911675384377",1
深圳市_交通设施服务.shp,entr_locat,"114.02702718191146,22.613026075679247",1
深圳市_交通设施服务.shp,entr_locat,"114.0221474698673,22.60952020633314",1
深圳市_交通设施服务.shp,entr_locat,"114.11296995697559,22.605105175415936",1
深圳市_交通设施服务.shp,entr_locat,"114.11579795589137,22.606230922810678",1
深圳市_交通设施服务.shp,entr_locat,"113.79038843033766,22.768281089965853",1
深圳市_交通设施服务.shp,entr_locat,"113.80718974308586,22.778344027530867",1
深圳市_交通设施服务.shp,exit_locat,[],43
深圳市_交通设施服务.shp,exit_locat,"114.029374,22.551117",1
深圳市_交通设施服务.shp,exit_locat,"114.032092,22.610246",1
深圳市_交通设施服务.shp,exit_locat,"114.027201,22.606726",1
深圳市_交通设施服务.shp,exit_locat,"114.118082,22.602426",1
深圳市_交通设施服务.shp,exit_locat,"114.120906,22.60355",1
深圳市_交通设施服务.shp,exit_locat,"113.79551,22.765429",1
深圳市_交通设施服务.shp,exit_locat,"113.812273,22.775469",1
深圳市_住宿服务.shp,entr_locat,[],30
深圳市_住宿服务.shp,entr_locat,"113.94678262495857,22.577003617032293",1
深圳市_住宿服务.shp,entr_locat,"113.87517496359004,22.595942204610118",1
深圳市_住宿服务.shp,entr_locat,"113.94623569233524,22.571881231792844",1
深圳市_住宿服务.shp,entr_locat,"114.04068465983164,22.609789559015525",1
深圳市_住宿服务.shp,entr_locat,"113.93325808806743,22.500933034154034",1
深圳市_住宿服务.shp,entr_locat,"114.05397469190784,22.53106312528101",1
深圳市_住宿服务.shp,entr_locat,"114.11102893373341,22.535010282329885",1
深圳市_住宿服务.shp,entr_locat,"114.03420591376361,22.64423553436009",1
深圳市_住宿服务.shp,entr_locat,"114.10886379594766,22.541559790772848",1
深圳市_住宿服务.shp,entr_locat,"113.96201178722833,22.602828653345707",1
深圳市_住宿服务.shp,entr_locat,"113.87484826354881,22.566013367079506",1
深圳市_住宿服务.shp,entr_locat,"114.11537645989272,22.558175333162403",1
深圳市_住宿服务.shp,entr_locat,"114.50029930314865,22.596374116639442",1
深圳市_住宿服务.shp,entr_locat,"114.4824639149986,22.522319663774766",1
深圳市_住宿服务.shp,entr_locat,"113.8149850856484,22.788451498280555",1
深圳市_住宿服务.shp,entr_locat,"113.82071204037459,22.776349177006395",1
深圳市_住宿服务.shp,entr_locat,"113.8203688094573,22.78118692183648",1
深圳市_住宿服务.shp,entr_locat,"113.81098361193034,22.774521949750376",1
深圳市_住宿服务.shp,entr_locat,"113.81781937004932,22.775888938558936",1
深圳市_住宿服务.shp,exit_locat,[],30
深圳市_住宿服务.shp,exit_locat,"113.951666,22.573998",1
深圳市_住宿服务.shp,exit_locat,"113.880078,22.592909",1
深圳市_住宿服务.shp,exit_locat,"113.951118,22.568874",1
深圳市_住宿服务.shp,exit_locat,"114.045777,22.607044",1
深圳市_住宿服务.shp,exit_locat,"113.938122,22.4979",1
深圳市_住宿服务.shp,exit_locat,"114.059083,22.528338",1
深圳市_住宿服务.shp,exit_locat,"114.116139,22.532325",1
深圳市_住宿服务.shp,exit_locat,"114.039288,22.64148",1
深圳市_住宿服务.shp,exit_locat,"114.113977,22.538876",1
深圳市_住宿服务.shp,exit_locat,"113.966922,22.59986",1
深圳市_住宿服务.shp,exit_locat,"113.87975,22.562977",1
深圳市_住宿服务.shp,exit_locat,"114.120482,22.555489",1
深圳市_住宿服务.shp,exit_locat,"114.505007,22.593515",1
深圳市_住宿服务.shp,exit_locat,"114.487230,22.519507",1
深圳市_住宿服务.shp,exit_locat,"113.820049,22.785566",1
深圳市_住宿服务.shp,exit_locat,"113.82576,22.773449",1
深圳市_住宿服务.shp,exit_locat,"113.825418,22.778289",1
深圳市_住宿服务.shp,exit_locat,"113.816057,22.771639",1
深圳市_住宿服务.shp,exit_locat,"113.822875,22.772994",1
深圳市_体育休闲服务.shp,entr_locat,[],33
深圳市_体育休闲服务.shp,entr_locat,"113.84628312040809,22.5770414322381",1
深圳市_体育休闲服务.shp,entr_locat,"113.82089674228733,22.68043496653668",1
深圳市_体育休闲服务.shp,entr_locat,"113.95174656681507,22.761991520066918",1
深圳市_体育休闲服务.shp,entr_locat,"114.07193109716997,22.72459974317341",1
深圳市_体育休闲服务.shp,entr_locat,"114.26354127259835,22.722435704366244",1
深圳市_体育休闲服务.shp,entr_locat,"113.87072721338585,22.600229583037848",1
深圳市_体育休闲服务.shp,entr_locat,"114.05060547277193,22.622198625723634",1
深圳市_体育休闲服务.shp,entr_locat,"114.02975609731743,22.52247775714935",1
深圳市_体育休闲服务.shp,entr_locat,"114.19146092524014,22.64490420765132",1
深圳市_体育休闲服务.shp,entr_locat,"114.14550170210596,22.609522700675612",1
深圳市_体育休闲服务.shp,entr_locat,"114.15605987701151,22.61966120081034",1
深圳市_体育休闲服务.shp,entr_locat,"114.21817182018931,22.691465098424487",1
深圳市_体育休闲服务.shp,entr_locat,"114.09394876793326,22.542908596190554",1
深圳市_体育休闲服务.shp,entr_locat,"114.48138553196482,22.580481935141993",1
深圳市_体育休闲服务.shp,entr_locat,"113.85211343582749,22.58338871638732",1
深圳市_体育休闲服务.shp,entr_locat,"113.88381745136677,22.578927158962248",1
深圳市_体育休闲服务.shp,entr_locat,"114.03025431657976,22.626106200883584",1
深圳市_体育休闲服务.shp,exit_locat,[],33
深圳市_体育休闲服务.shp,exit_locat,"113.85125,22.574048",1
深圳市_体育休闲服务.shp,exit_locat,"113.825938,22.677507",1
深圳市_体育休闲服务.shp,exit_locat,"113.956649,22.759037",1
深圳市_体育休闲服务.shp,exit_locat,"114.077069,22.721936",1
深圳市_体育休闲服务.shp,exit_locat,"114.268371,22.719606",1
深圳市_体育休闲服务.shp,exit_locat,"113.875639,22.597202",1
深圳市_体育休闲服务.shp,exit_locat,"114.055715,22.619477",1
深圳市_体育休闲服务.shp,exit_locat,"114.034821,22.519696",1
深圳市_体育休闲服务.shp,exit_locat,"114.19639,22.64211",1
深圳市_体育休闲服务.shp,exit_locat,"114.15055,22.606806",1
深圳市_体育休闲服务.shp,exit_locat,"114.161082,22.616928",1
深圳市_体育休闲服务.shp,exit_locat,"114.223044,22.688642",1
深圳市_体育休闲服务.shp,exit_locat,"114.099075,22.540227",1
深圳市_体育休闲服务.shp,exit_locat,"114.486159,22.577677",1
深圳市_体育休闲服务.shp,exit_locat,"113.857066,22.580386",1
深圳市_体育休闲服务.shp,exit_locat,"113.888705,22.575884",1
深圳市_体育休闲服务.shp,exit_locat,"114.035327,22.623337",1
深圳市_公共设施.shp,entr_locat,[],44
深圳市_公共设施.shp,entr_locat,"113.82060579604313,22.791153981838303",1
深圳市_公共设施.shp,entr_locat,"113.79526847041404,22.776862255968854",1
深圳市_公共设施.shp,entr_locat,"113.81094144929658,22.759975579089865",1
深圳市_公共设施.shp,entr_locat,"113.80620868921802,22.75693127342998",1
深圳市_公共设施.shp,entr_locat,"113.80156951081807,22.75479419717707",1
深圳市_公共设施.shp,entr_locat,"113.77977361172401,22.726420927376175",1
深圳市_公共设施.shp,exit_locat,[],44
深圳市_公共设施.shp,exit_locat,"113.825655,22.788259",1
深圳市_公共设施.shp,exit_locat,"113.80038,22.774006",1
深圳市_公共设施.shp,exit_locat,"113.816014,22.757088",1
深圳市_公共设施.shp,exit_locat,"113.811293,22.754051",1
深圳市_公共设施.shp,exit_locat,"113.806665,22.751921",1
深圳市_公共设施.shp,exit_locat,"113.784913,22.723569",1
深圳市_公司企业.shp,entr_locat,[],31
深圳市_公司企业.shp,entr_locat,"114.26012074825454,22.72425273984579",2
深圳市_公司企业.shp,entr_locat,"114.21894722290358,22.723234509425282",1
深圳市_公司企业.shp,entr_locat,"114.01270060662341,22.663649566726587",1
深圳市_公司企业.shp,entr_locat,"114.01260047409292,22.65405490315252",1
深圳市_公司企业.shp,entr_locat,"113.91073494007344,22.546867333308416",1
深圳市_公司企业.shp,entr_locat,"113.80740584298545,22.692809491134195",1
深圳市_公司企业.shp,entr_locat,"113.88545297070075,22.59293260109444",1
深圳市_公司企业.shp,entr_locat,"113.99757281865112,22.661230690042906",1
深圳市_公司企业.shp,entr_locat,"114.06013488549152,22.567941259579747",1
深圳市_公司企业.shp,entr_locat,"114.34037900623596,22.68066902156264",1
深圳市_公司企业.shp,entr_locat,"113.87034922662174,22.57245457382544",1
深圳市_公司企业.shp,entr_locat,"113.97167928847455,22.565362205108354",1
深圳市_公司企业.shp,entr_locat,"114.21690975472038,22.670993527993932",1
深圳市_公司企业.shp,entr_locat,"113.89929197280549,22.729960875472294",1
深圳市_公司企业.shp,entr_locat,"114.25475187980837,22.72826714463997",1
深圳市_公司企业.shp,entr_locat,"114.05904783966746,22.648103974229677",1
深圳市_公司企业.shp,entr_locat,"114.03403056488989,22.62431064187685",1
深圳市_公司企业.shp,entr_locat,"113.93949433551948,22.54817045243998",1
深圳市_公司企业.shp,exit_locat,[],31
深圳市_公司企业.shp,exit_locat,"114.264951,22.721422",2
深圳市_公司企业.shp,exit_locat,"114.22382,22.720419",1
深圳市_公司企业.shp,exit_locat,"114.017735,22.660838",1
深圳市_公司企业.shp,exit_locat,"114.017634,22.651241",1
深圳市_公司企业.shp,exit_locat,"113.915596,22.543816",1
深圳市_公司企业.shp,exit_locat,"113.812483,22.689909",1
深圳市_公司企业.shp,exit_locat,"113.890339,22.58989",1
深圳市_公司企业.shp,exit_locat,"114.002569,22.658373",1
深圳市_公司企业.shp,exit_locat,"114.065253,22.56523",1
深圳市_公司企业.shp,exit_locat,"114.345286,22.677943",1
深圳市_公司企业.shp,exit_locat,"113.87526,22.569424",1
深圳市_公司企业.shp,exit_locat,"113.976607,22.562414",1
深圳市_公司企业.shp,exit_locat,"114.221783,22.668167",1
深圳市_公司企业.shp,exit_locat,"113.904171,22.726942",1
深圳市_公司企业.shp,exit_locat,"114.259584,22.725436",1
深圳市_公司企业.shp,exit_locat,"114.06417,22.645403",1
深圳市_公司企业.shp,exit_locat,"114.039111,22.621551",1
深圳市_公司企业.shp,exit_locat,"113.944367,22.545149",1
深圳市_医疗保健服务.shp,entr_locat,[],41
深圳市_医疗保健服务.shp,entr_locat,"113.8034707663806,22.77520776349966",1
深圳市_医疗保健服务.shp,entr_locat,"113.81272197912439,22.776294478922573",1
深圳市_医疗保健服务.shp,entr_locat,"113.81268898513444,22.77488688487187",1
深圳市_医疗保健服务.shp,entr_locat,"113.81142586482872,22.772727328990676",1
深圳市_医疗保健服务.shp,entr_locat,"113.82008121517832,22.77851127833178",1
深圳市_医疗保健服务.shp,entr_locat,"113.82010929556407,22.77842735877669",1
深圳市_医疗保健服务.shp,entr_locat,"113.81829249936685,22.777819175890976",1
深圳市_医疗保健服务.shp,entr_locat,"113.82175275529877,22.777442766506915",1
深圳市_医疗保健服务.shp,entr_locat,"113.8218430183645,22.777117044270963",1
深圳市_医疗保健服务.shp,exit_locat,[],41
深圳市_医疗保健服务.shp,exit_locat,"113.808563,22.772338",1
深圳市_医疗保健服务.shp,exit_locat,"113.817791,22.773409",1
深圳市_医疗保健服务.shp,exit_locat,"113.817758,22.772001",1
深圳市_医疗保健服务.shp,exit_locat,"113.816498,22.769843",1
深圳市_医疗保健服务.shp,exit_locat,"113.825131,22.775613",1
深圳市_医疗保健服务.shp,exit_locat,"113.825159,22.775529",1
深圳市_医疗保健服务.shp,exit_locat,"113.823347,22.774924",1
深圳市_医疗保健服务.shp,exit_locat,"113.826798,22.774541",1
深圳市_医疗保健服务.shp,exit_locat,"113.826888,22.774215",1
深圳市_商务住宅.shp,entr_locat,[],20
深圳市_商务住宅.shp,entr_locat,"113.86476301178826,22.58169129595664",1
深圳市_商务住宅.shp,entr_locat,"113.90894232761872,22.5314429391247",1
深圳市_商务住宅.shp,entr_locat,"114.06065584834694,22.52931130858357",1
深圳市_商务住宅.shp,entr_locat,"114.08625673257323,22.702728483550136",1
深圳市_商务住宅.shp,entr_locat,"113.94902618029421,22.581304671430097",1
深圳市_商务住宅.shp,entr_locat,"114.05581760770802,22.572552361124377",1
深圳市_商务住宅.shp,entr_locat,"113.87496848969042,22.565931503239014",1
深圳市_商务住宅.shp,entr_locat,"113.92646960571616,22.528651664297737",1
深圳市_商务住宅.shp,entr_locat,"113.9198220562911,22.522715267834638",1
深圳市_商务住宅.shp,entr_locat,"114.03855817708458,22.524113161771254",1
深圳市_商务住宅.shp,entr_locat,"114.10846404118128,22.622448028674125",1
深圳市_商务住宅.shp,entr_locat,"114.10113230009995,22.564705618016216",1
深圳市_商务住宅.shp,entr_locat,"114.10220345027699,22.561560080761616",1
深圳市_商务住宅.shp,entr_locat,"114.07913733016285,22.543132246785834",1
深圳市_商务住宅.shp,entr_locat,"114.10738836473708,22.536962451320893",1
深圳市_商务住宅.shp,entr_locat,"114.1154007311769,22.539195785756835",1
深圳市_商务住宅.shp,entr_locat,"114.13088855578445,22.549893432578664",1
深圳市_商务住宅.shp,entr_locat,"114.01288190428895,22.652148461050814",1
深圳市_商务住宅.shp,entr_locat,"114.0432691403838,22.669857117672198",1
深圳市_商务住宅.shp,exit_locat,[],20
深圳市_商务住宅.shp,exit_locat,"113.869686,22.578669",1
深圳市_商务住宅.shp,exit_locat,"113.913803,22.52839",1
深圳市_商务住宅.shp,exit_locat,"114.065772,22.526598",1
深圳市_商务住宅.shp,exit_locat,"114.091396,22.700071",1
深圳市_商务住宅.shp,exit_locat,"113.953913,22.578304",1
深圳市_商务住宅.shp,exit_locat,"114.060931,22.569834",1
深圳市_商务住宅.shp,exit_locat,"113.87987,22.562895",1
深圳市_商务住宅.shp,exit_locat,"113.931331,22.525611",1
深圳市_商务住宅.shp,exit_locat,"113.924681,22.519668",1
深圳市_商务住宅.shp,exit_locat,"114.043641,22.521354",1
深圳市_商务住宅.shp,exit_locat,"114.113583,22.619774",1
深圳市_商务住宅.shp,exit_locat,"114.106255,22.562026",1
深圳市_商务住宅.shp,exit_locat,"114.107325,22.55888",1
深圳市_商务住宅.shp,exit_locat,"114.084266,22.540443",1
深圳市_商务住宅.shp,exit_locat,"114.112503,22.534279",1
深圳市_商务住宅.shp,exit_locat,"114.120505,22.536508",1
深圳市_商务住宅.shp,exit_locat,"114.135966,22.547191",1
深圳市_商务住宅.shp,exit_locat,"114.017916,22.649335",1
深圳市_商务住宅.shp,exit_locat,"114.04837,22.667129",1
深圳市_地名地址信息.shp,entr_locat,[],45
深圳市_地名地址信息.shp,entr_locat,"114.26459088828666,22.728953286137962",1
深圳市_地名地址信息.shp,entr_locat,"113.89182101753515,22.769515679988984",1
深圳市_地名地址信息.shp,entr_locat,"113.87378038862524,22.59578971905266",1
深圳市_地名地址信息.shp,entr_locat,"114.08602877643867,22.70155791059745",1
深圳市_地名地址信息.shp,entr_locat,"114.10775665233135,22.56973192323783",1
深圳市_地名地址信息.shp,exit_locat,[],45
深圳市_地名地址信息.shp,exit_locat,"114.269421,22.726126",1
深圳市_地名地址信息.shp,exit_locat,"113.89671,22.766511",1
深圳市_地名地址信息.shp,exit_locat,"113.878686,22.592758",1
深圳市_地名地址信息.shp,exit_locat,"114.091168,22.698900",1
深圳市_地名地址信息.shp,exit_locat,"114.112873,22.567051",1
深圳市_室内设施.shp,entr_locat,[],50
深圳市_室内设施.shp,exit_locat,[],50
深圳市_摩托车服务.shp,entr_locat,[],41
深圳市_摩托车服务.shp,entr_locat,"113.8204599263029,22.767717532670897",1
深圳市_摩托车服务.shp,entr_locat,"113.81707537072981,22.776363405017655",1
深圳市_摩托车服务.shp,entr_locat,"113.78121768579932,22.718823628198795",1
深圳市_摩托车服务.shp,entr_locat,"113.80326251267748,22.694469050465585",1
深圳市_摩托车服务.shp,entr_locat,"113.83810808724964,22.803948494808214",1
深圳市_摩托车服务.shp,entr_locat,"113.83568651425797,22.77440508002908",1
深圳市_摩托车服务.shp,entr_locat,"113.84526867641347,22.77700176930083",1
深圳市_摩托车服务.shp,entr_locat,"113.84972339111592,22.77193521848833",1
深圳市_摩托车服务.shp,entr_locat,"113.8674042262653,22.776115792250323",1
深圳市_摩托车服务.shp,exit_locat,[],41
深圳市_摩托车服务.shp,exit_locat,"113.825508,22.764815",1
深圳市_摩托车服务.shp,exit_locat,"113.822133,22.77347",1
深圳市_摩托车服务.shp,exit_locat,"113.786354,22.715968",1
深圳市_摩托车服务.shp,exit_locat,"113.80835,22.691576",1
深圳市_摩托车服务.shp,exit_locat,"113.843111,22.801025",1
深圳市_摩托车服务.shp,exit_locat,"113.840694,22.771476",1
深圳市_摩托车服务.shp,exit_locat,"113.850251,22.774056",1
深圳市_摩托车服务.shp,exit_locat,"113.854694,22.76898",1
深圳市_摩托车服务.shp,exit_locat,"113.872334,22.773135",1
深圳市_政府机构及社会团体.shp,entr_locat,[],33
深圳市_政府机构及社会团体.shp,entr_locat,"113.96426452993502,22.569206212261943",1
深圳市_政府机构及社会团体.shp,entr_locat,"114.04441585550468,22.551800710059187",1
深圳市_政府机构及社会团体.shp,entr_locat,"113.80845197826177,22.7466533313214",1
深圳市_政府机构及社会团体.shp,entr_locat,"113.78848395925571,22.69965057603507",1
深圳市_政府机构及社会团体.shp,entr_locat,"113.82145864816391,22.6741964762615",1
深圳市_政府机构及社会团体.shp,entr_locat,"113.83023045377858,22.7334875371128",1
深圳市_政府机构及社会团体.shp,entr_locat,"113.93412457194349,22.766191702843344",1
深圳市_政府机构及社会团体.shp,entr_locat,"114.27890174592753,22.76459987916985",1
深圳市_政府机构及社会团体.shp,entr_locat,"113.90522052118452,22.580518628859647",1
深圳市_政府机构及社会团体.shp,entr_locat,"114.04151106556782,22.688015923245302",1
深圳市_政府机构及社会团体.shp,entr_locat,"114.01898483562353,22.65669965617302",1
深圳市_政府机构及社会团体.shp,entr_locat,"114.00787458684047,22.6330591144504",1
深圳市_政府机构及社会团体.shp,entr_locat,"114.0176083312955,22.63800136395975",1
深圳市_政府机构及社会团体.shp,entr_locat,"114.05870271826483,22.625302821377154",1
深圳市_政府机构及社会团体.shp,entr_locat,"113.91386890743725,22.54189422312827",1
深圳市_政府机构及社会团体.shp,entr_locat,"113.92381962896565,22.513697011857346",1
深圳市_政府机构及社会团体.shp,entr_locat,"114.06031456959175,22.569841766179692",1
深圳市_政府机构及社会团体.shp,exit_locat,[],33
深圳市_政府机构及社会团体.shp,exit_locat,"113.969177,22.566239",1
深圳市_政府机构及社会团体.shp,exit_locat,"114.049511,22.549057",1
深圳市_政府机构及社会团体.shp,exit_locat,"113.81353,22.743766",1
深圳市_政府机构及社会团体.shp,exit_locat,"113.793605,22.696781",1
深圳市_政府机构及社会团体.shp,exit_locat,"113.826498,22.671266",1
深圳市_政府机构及社会团体.shp,exit_locat,"113.835250,22.730556",1
深圳市_政府机构及社会团体.shp,exit_locat,"113.939006,22.763207",1
深圳市_政府机构及社会团体.shp,exit_locat,"114.283738,22.761795",1
深圳市_政府机构及社会团体.shp,exit_locat,"113.910086,22.577469",1
深圳市_政府机构及社会团体.shp,exit_locat,"114.04661,22.685288",1
深圳市_政府机构及社会团体.shp,exit_locat,"114.024034,22.653905",1
深圳市_政府机构及社会团体.shp,exit_locat,"114.012895,22.630227",1
深圳市_政府机构及社会团体.shp,exit_locat,"114.022653,22.635199",1
深圳市_政府机构及社会团体.shp,exit_locat,"114.063823,22.622597",1
深圳市_政府机构及社会团体.shp,exit_locat,"113.918729,22.538844",1
深圳市_政府机构及社会团体.shp,exit_locat,"113.928679,22.510653",1
深圳市_政府机构及社会团体.shp,exit_locat,"114.065433,22.567131",1
深圳市_汽车服务.shp,entr_locat,[],37
深圳市_汽车服务.shp,entr_locat,"113.80150747333249,22.783783671813605",1
深圳市_汽车服务.shp,entr_locat,"113.81531128705525,22.78312190251794",1
深圳市_汽车服务.shp,entr_locat,"113.80769704105832,22.77795103597781",1
深圳市_汽车服务.shp,entr_locat,"113.81473628575402,22.775345446730025",1
深圳市_汽车服务.shp,entr_locat,"113.81896540292614,22.77603501899635",1
深圳市_汽车服务.shp,entr_locat,"113.81749552145581,22.775751384366654",1
深圳市_汽车服务.shp,entr_locat,"113.79655314589317,22.76494508176202",1
深圳市_汽车服务.shp,entr_locat,"113.78899714450858,22.74361493817643",1
深圳市_汽车服务.shp,entr_locat,"113.79835340308881,22.763008475428354",1
深圳市_汽车服务.shp,entr_locat,"113.79395454522539,22.761641267273344",1
深圳市_汽车服务.shp,entr_locat,"113.79414117386855,22.75831759343417",1
深圳市_汽车服务.shp,entr_locat,"113.79233727595357,22.75767919481818",1
深圳市_汽车服务.shp,entr_locat,"113.79658086848075,22.754832328339447",1
深圳市_汽车服务.shp,exit_locat,[],37
深圳市_汽车服务.shp,exit_locat,"113.806605,22.78092",1
深圳市_汽车服务.shp,exit_locat,"113.820374,22.780234",1
深圳市_汽车服务.shp,exit_locat,"113.812779,22.775075",1
深圳市_汽车服务.shp,exit_locat,"113.819800,22.772456",1
深圳市_汽车服务.shp,exit_locat,"113.824018,22.773138",1
深圳市_汽车服务.shp,exit_locat,"113.822552,22.772857",1
深圳市_汽车服务.shp,exit_locat,"113.801661,22.762083",1
深圳市_汽车服务.shp,exit_locat,"113.79412,22.740757",1
深圳市_汽车服务.shp,exit_locat,"113.803457,22.760143",1
深圳市_汽车服务.shp,exit_locat,"113.799068,22.758782",1
深圳市_汽车服务.shp,exit_locat,"113.799254,22.755457",1
深圳市_汽车服务.shp,exit_locat,"113.797454,22.754821",1
深圳市_汽车服务.shp,exit_locat,"113.801688,22.751967",1
深圳市_汽车维修.shp,entr_locat,[],34
深圳市_汽车维修.shp,entr_locat,"113.84199340567936,22.80364674227831",1
深圳市_汽车维修.shp,entr_locat,"113.84067325425869,22.79850713798268",1
深圳市_汽车维修.shp,entr_locat,"113.84421623077459,22.772533364497534",1
深圳市_汽车维修.shp,entr_locat,"113.94536604502785,22.75753074147607",1
深圳市_汽车维修.shp,entr_locat,"113.89606443043462,22.740006337636707",1
深圳市_汽车维修.shp,entr_locat,"114.22990075306964,22.745055217111155",1
深圳市_汽车维修.shp,entr_locat,"114.2750740418731,22.77240811022968",1
深圳市_汽车维修.shp,entr_locat,"114.28033554913893,22.72361974498886",1
深圳市_汽车维修.shp,entr_locat,"113.91761116564341,22.698319133473113",1
深圳市_汽车维修.shp,entr_locat,"113.92197430342223,22.68567678475768",1
深圳市_汽车维修.shp,entr_locat,"113.83647700722706,22.59761098428779",1
深圳市_汽车维修.shp,entr_locat,"113.8460194358885,22.577131956217",1
深圳市_汽车维修.shp,entr_locat,"113.86980281244543,22.593232420114557",1
深圳市_汽车维修.shp,entr_locat,"113.88502969562713,22.58765099074178",1
深圳市_汽车维修.shp,entr_locat,"113.88943563697961,22.572488454045946",1
深圳市_汽车维修.shp,entr_locat,"113.90973534561444,22.583065206142773",1
深圳市_汽车维修.shp,exit_locat,[],34
深圳市_汽车维修.shp,exit_locat,"113.846986,22.800716",1
深圳市_汽车维修.shp,exit_locat,"113.845669,22.795577",1
深圳市_汽车维修.shp,exit_locat,"113.849201,22.769588",1
深圳市_汽车维修.shp,exit_locat,"113.950259,22.754562",1
深圳市_汽车维修.shp,exit_locat,"113.900947,22.736991",1
深圳市_汽车维修.shp,exit_locat,"114.234757,22.742236",1
深圳市_汽车维修.shp,exit_locat,"114.279909,22.769602",1
深圳市_汽车维修.shp,exit_locat,"114.285170,22.720804",1
深圳市_汽车维修.shp,exit_locat,"113.922481,22.695297",1
深圳市_汽车维修.shp,exit_locat,"113.926844,22.682655",1
深圳市_汽车维修.shp,exit_locat,"113.841471,22.594638",1
深圳市_汽车维修.shp,exit_locat,"113.850987,22.574139",1
深圳市_汽车维修.shp,exit_locat,"113.874716,22.590205",1
深圳市_汽车维修.shp,exit_locat,"113.889916,22.584608",1
深圳市_汽车维修.shp,exit_locat,"113.894315,22.569441",1
深圳市_汽车维修.shp,exit_locat,"113.914599,22.580017",1
深圳市_汽车销售.shp,entr_locat,[],28
深圳市_汽车销售.shp,entr_locat,"113.84454784679632,22.760834736387483",1
深圳市_汽车销售.shp,entr_locat,"113.84157830270863,22.741734275537368",1
深圳市_汽车销售.shp,entr_locat,"114.25807394914418,22.745081342508193",1
深圳市_汽车销售.shp,entr_locat,"114.25758396860822,22.74258824543795",1
深圳市_汽车销售.shp,entr_locat,"113.88606486137196,22.59258205823325",1
深圳市_汽车销售.shp,entr_locat,"113.87003854343503,22.589177237604872",1
深圳市_汽车销售.shp,entr_locat,"114.05226187790771,22.579534379236396",1
深圳市_汽车销售.shp,entr_locat,"114.06756891808305,22.57129062895862",1
深圳市_汽车销售.shp,entr_locat,"113.86278291127746,22.562129584379257",1
深圳市_汽车销售.shp,entr_locat,"113.9429734060512,22.54758848022981",1
深圳市_汽车销售.shp,entr_locat,"114.19297036885835,22.650898628523855",1
深圳市_汽车销售.shp,entr_locat,"114.10641603179867,22.571407233935883",1
深圳市_汽车销售.shp,entr_locat,"114.2166893653006,22.67052237777251",1
深圳市_汽车销售.shp,entr_locat,"114.33542937177533,22.696340423718716",1
深圳市_汽车销售.shp,entr_locat,"114.36159070163038,22.68890819040157",1
深圳市_汽车销售.shp,entr_locat,"113.80722583632244,22.778300104465554",1
深圳市_汽车销售.shp,entr_locat,"113.8024739614307,22.781209117897024",1
深圳市_汽车销售.shp,entr_locat,"113.8037138667886,22.76739972105862",1
深圳市_汽车销售.shp,entr_locat,"113.82264146084421,22.757049033162158",1
深圳市_汽车销售.shp,exit_locat,[],28
深圳市_汽车销售.shp,exit_locat,"113.849531,22.757885",1
深圳市_汽车销售.shp,exit_locat,"113.846568,22.738784",1
深圳市_汽车销售.shp,exit_locat,"114.262906,22.742256",1
深圳市_汽车销售.shp,exit_locat,"114.262416,22.739762",1
深圳市_汽车销售.shp,exit_locat,"113.89095,22.589539",1
深圳市_汽车销售.shp,exit_locat,"113.874951,22.586149",1
深圳市_汽车销售.shp,exit_locat,"114.057371,22.57681",1
深圳市_汽车销售.shp,exit_locat,"114.072694,22.568591",1
深圳市_汽车销售.shp,exit_locat,"113.867709,22.559108",1
深圳市_汽车销售.shp,exit_locat,"113.947850,22.544573",1
深圳市_汽车销售.shp,exit_locat,"114.197896,22.648103",1
深圳市_汽车销售.shp,exit_locat,"114.111534,22.568727",1
深圳市_汽车销售.shp,exit_locat,"114.221563,22.667696",1
深圳市_汽车销售.shp,exit_locat,"114.34033,22.693609",1
深圳市_汽车销售.shp,exit_locat,"114.366526,22.68622",1
深圳市_汽车销售.shp,exit_locat,"113.812309,22.775425",1
深圳市_汽车销售.shp,exit_locat,"113.807569,22.778343",1
深圳市_汽车销售.shp,exit_locat,"113.808805,22.764527",1
深圳市_汽车销售.shp,exit_locat,"113.827683,22.754139",1
深圳市_生活服务.shp,entr_locat,[],32
深圳市_生活服务.shp,entr_locat,"114.09678619184615,22.714773170368524",2
深圳市_生活服务.shp,entr_locat,"113.90228083672949,22.51515072355416",1
深圳市_生活服务.shp,entr_locat,"114.10380887041919,22.608972597421612",1
深圳市_生活服务.shp,entr_locat,"114.0292692172895,22.660191216661758",1
深圳市_生活服务.shp,entr_locat,"113.892064963265,22.570099946662474",1
深圳市_生活服务.shp,entr_locat,"114.07071884987701,22.524764027682956",1
深圳市_生活服务.shp,entr_locat,"113.79867701473687,22.672963817856402",1
深圳市_生活服务.shp,entr_locat,"113.86583520526905,22.58345454513928",1
深圳市_生活服务.shp,entr_locat,"114.02133611673136,22.659514323719986",1
深圳市_生活服务.shp,entr_locat,"114.05002298618598,22.535359740815924",1
深圳市_生活服务.shp,entr_locat,"114.04332613375179,22.5301036046549",1
深圳市_生活服务.shp,entr_locat,"114.04856209718568,22.521567462819302",1
深圳市_生活服务.shp,entr_locat,"114.13563374055012,22.609808753420154",1
深圳市_生活服务.shp,entr_locat,"114.11013733230487,22.60343582152507",1
深圳市_生活服务.shp,entr_locat,"114.38557108898243,22.71231748118261",1
深圳市_生活服务.shp,entr_locat,"113.81129923306857,22.74665835729653",1
深圳市_生活服务.shp,entr_locat,"113.78467127142768,22.716766194581353",1
深圳市_生活服务.shp,exit_locat,[],32
深圳市_生活服务.shp,exit_locat,"114.101922,22.712122",2
深圳市_生活服务.shp,exit_locat,"113.907144,22.512096",1
深圳市_生活服务.shp,exit_locat,"114.108932,22.606298",1
深圳市_生活服务.shp,exit_locat,"114.034342,22.657426",1
深圳市_生活服务.shp,exit_locat,"113.896941,22.567051",1
深圳市_生活服务.shp,exit_locat,"114.075843,22.522065",1
深圳市_生活服务.shp,exit_locat,"113.803774,22.670073",1
深圳市_生活服务.shp,exit_locat,"113.870756,22.580431",1
深圳市_生活服务.shp,exit_locat,"114.026391,22.656727",1
深圳市_生活服务.shp,exit_locat,"114.055126,22.532627",1
深圳市_生活服务.shp,exit_locat,"114.048418,22.527356",1
深圳市_生活服务.shp,exit_locat,"114.053662,22.518831",1
深圳市_生活服务.shp,exit_locat,"114.140705,22.607107",1
深圳市_生活服务.shp,exit_locat,"114.115253,22.600758",1
深圳市_生活服务.shp,exit_locat,"114.390525,22.709662",1
深圳市_生活服务.shp,exit_locat,"113.81637,22.743766",1
深圳市_生活服务.shp,exit_locat,"113.789801,22.713906",1
深圳市_科教文化服务.shp,entr_locat,[],40
深圳市_科教文化服务.shp,entr_locat,"113.93182399085002,22.519571532783406",1
深圳市_科教文化服务.shp,entr_locat,"113.94991294008325,22.580230986928044",1
深圳市_科教文化服务.shp,entr_locat,"113.96094274617153,22.588249241050352",1
深圳市_科教文化服务.shp,entr_locat,"113.87562180098409,22.56404437354052",1
深圳市_科教文化服务.shp,entr_locat,"113.91955659464911,22.53065211086877",1
深圳市_科教文化服务.shp,entr_locat,"114.14304425199893,22.586589968079018",1
深圳市_科教文化服务.shp,entr_locat,"114.22465944742963,22.702297961876138",1
深圳市_科教文化服务.shp,entr_locat,"114.21428369983128,22.67026353891761",1
深圳市_科教文化服务.shp,entr_locat,"114.09911749903016,22.551940567132448",1
深圳市_科教文化服务.shp,entr_locat,"114.11468475627227,22.553404252583103",1
深圳市_科教文化服务.shp,exit_locat,[],40
深圳市_科教文化服务.shp,exit_locat,"113.936688,22.516537",1
深圳市_科教文化服务.shp,exit_locat,"113.954801,22.577232",1
深圳市_科教文化服务.shp,exit_locat,"113.96585,22.585276",1
深圳市_科教文化服务.shp,exit_locat,"113.880522,22.561007",1
深圳市_科教文化服务.shp,exit_locat,"113.924416,22.527605",1
深圳市_科教文化服务.shp,exit_locat,"114.148097,22.583874",1
深圳市_科教文化服务.shp,exit_locat,"114.229521,22.699471",1
深圳市_科教文化服务.shp,exit_locat,"114.219162,22.66744",1
深圳市_科教文化服务.shp,exit_locat,"114.104241,22.54926",1
深圳市_科教文化服务.shp,exit_locat,"114.119791,22.550718",1
深圳市_购物服务.shp,entr_locat,[],40
深圳市_购物服务.shp,entr_locat,"114.24984693679224,22.73485369453751",1
深圳市_购物服务.shp,entr_locat,"114.28920091459946,22.72547036393824",1
深圳市_购物服务.shp,entr_locat,"113.9794360748109,22.590404757043775",1
深圳市_购物服务.shp,entr_locat,"113.96200181043969,22.571319619625918",1
深圳市_购物服务.shp,entr_locat,"114.1197375414268,22.67712247519383",1
深圳市_购物服务.shp,entr_locat,"114.19291120002917,22.65120346442424",1
深圳市_购物服务.shp,entr_locat,"114.19913077978211,22.64718066715161",1
深圳市_购物服务.shp,entr_locat,"114.22865056584153,22.703776966547114",1
深圳市_购物服务.shp,entr_locat,"114.22118814496514,22.67768967650364",1
深圳市_购物服务.shp,entr_locat,"114.20857079865516,22.65551620901377",1
深圳市_购物服务.shp,exit_locat,[],40
深圳市_购物服务.shp,exit_locat,"114.254682,22.732024",1
深圳市_购物服务.shp,exit_locat,"114.294042,22.722666",1
深圳市_购物服务.shp,exit_locat,"113.984383,22.587481",1
深圳市_购物服务.shp,exit_locat,"113.966910,22.568347",1
深圳市_购物服务.shp,exit_locat,"114.124844,22.674452",1
深圳市_购物服务.shp,exit_locat,"114.197837,22.648408",1
深圳市_购物服务.shp,exit_locat,"114.204041,22.644374",1
深圳市_购物服务.shp,exit_locat,"114.233506,22.700947",1
深圳市_购物服务.shp,exit_locat,"114.226054,22.67486",1
深圳市_购物服务.shp,exit_locat,"114.21346,22.652697",1
深圳市_通行设施.shp,entr_locat,[],50
深圳市_通行设施.shp,exit_locat,[],50
深圳市_道路附属设施.shp,entr_locat,[],48
深圳市_道路附属设施.shp,entr_locat,"113.84410798546904,22.740891104248018",1
深圳市_道路附属设施.shp,entr_locat,"114.03014056820648,22.76422481566943",1
深圳市_道路附属设施.shp,exit_locat,[],48
深圳市_道路附属设施.shp,exit_locat,"113.849091,22.737936",1
深圳市_道路附属设施.shp,exit_locat,"114.035222,22.76149",1
深圳市_金融保险服务.shp,entr_locat,[],24
深圳市_金融保险服务.shp,entr_locat,"113.83766489165265,22.804140603895313",1
深圳市_金融保险服务.shp,entr_locat,"113.91106243530693,22.666907295390196",1
深圳市_金融保险服务.shp,entr_locat,"113.93372411797652,22.526272641806337",1
深圳市_金融保险服务.shp,entr_locat,"113.93200991953441,22.518569320390984",1
深圳市_金融保险服务.shp,entr_locat,"113.78870272435621,22.756086710079995",1
深圳市_金融保险服务.shp,entr_locat,"113.80935281193455,22.78429679997264",1
深圳市_金融保险服务.shp,entr_locat,"113.81634550838285,22.77538738229546",1
深圳市_金融保险服务.shp,entr_locat,"113.81732020672064,22.77345481750644",1
深圳市_金融保险服务.shp,entr_locat,"113.8171907058904,22.775895772929257",1
深圳市_金融保险服务.shp,entr_locat,"113.81721577878565,22.775793852986762",1
深圳市_金融保险服务.shp,entr_locat,"113.81144075183218,22.775054589472155",1
深圳市_金融保险服务.shp,entr_locat,"113.81634449578492,22.775540329876097",1
深圳市_金融保险服务.shp,entr_locat,"113.81711968358482,22.773347482194644",1
深圳市_金融保险服务.shp,entr_locat,"113.81755768070663,22.775832472580774",1
深圳市_金融保险服务.shp,entr_locat,"113.79614293335692,22.769277059609923",1
深圳市_金融保险服务.shp,entr_locat,"113.79817487534811,22.76476463447774",1
深圳市_金融保险服务.shp,entr_locat,"113.80633526230673,22.768328850441513",1
深圳市_金融保险服务.shp,entr_locat,"113.79161618381647,22.76599053028841",1
深圳市_金融保险服务.shp,entr_locat,"113.79769938849006,22.755410862603604",1
深圳市_金融保险服务.shp,exit_locat,[],24
深圳市_金融保险服务.shp,exit_locat,"113.842669,22.801218",1
深圳市_金融保险服务.shp,exit_locat,"113.915931,22.663874",1
深圳市_金融保险服务.shp,exit_locat,"113.93859,22.523241",1
深圳市_金融保险服务.shp,exit_locat,"113.936874,22.515535",1
深圳市_金融保险服务.shp,exit_locat,"113.793827,22.753233",1
深圳市_金融保险服务.shp,exit_locat,"113.814431,22.78142",1
深圳市_金融保险服务.shp,exit_locat,"113.821405,22.772495",1
深圳市_金融保险服务.shp,exit_locat,"113.822377,22.77056",1
深圳市_金融保险服务.shp,exit_locat,"113.822248,22.773002",1
深圳市_金融保险服务.shp,exit_locat,"113.822273,22.7729",1
深圳市_金融保险服务.shp,exit_locat,"113.816513,22.772171",1
深圳市_金融保险服务.shp,exit_locat,"113.821404,22.772648",1
深圳市_金融保险服务.shp,exit_locat,"113.822177,22.770453",1
深圳市_金融保险服务.shp,exit_locat,"113.822614,22.772938",1
深圳市_金融保险服务.shp,exit_locat,"113.801252,22.766417",1
深圳市_金融保险服务.shp,exit_locat,"113.803279,22.761900",1
深圳市_金融保险服务.shp,exit_locat,"113.81142,22.765452",1
深圳市_金融保险服务.shp,exit_locat,"113.796735,22.763136",1
深圳市_金融保险服务.shp,exit_locat,"113.802804,22.752544",1
深圳市_风景名胜.shp,entr_locat,[],30
深圳市_风景名胜.shp,entr_locat,"114.06584855513012,22.65859509843426",1
深圳市_风景名胜.shp,entr_locat,"114.09777753166075,22.551721565057225",1
深圳市_风景名胜.shp,entr_locat,"113.85458424409674,22.77466942370303",1
深圳市_风景名胜.shp,entr_locat,"114.03057688277369,22.560523057663755",1
深圳市_风景名胜.shp,entr_locat,"114.14521777414339,22.613149675991323",1
深圳市_风景名胜.shp,entr_locat,"114.11561569114514,22.56008133528341",1
深圳市_风景名胜.shp,entr_locat,"113.80722757078922,22.78244572002906",1
深圳市_风景名胜.shp,entr_locat,"113.80876147146682,22.78185258608947",1
深圳市_风景名胜.shp,entr_locat,"113.79950888089772,22.781644183808016",1
深圳市_风景名胜.shp,entr_locat,"113.81736305147214,22.777592528838436",1
深圳市_风景名胜.shp,entr_locat,"113.82001803121108,22.778748081327965",1
深圳市_风景名胜.shp,entr_locat,"113.80787868506911,22.759701278155486",1
深圳市_风景名胜.shp,entr_locat,"113.80788493378863,22.756118417998486",1
深圳市_风景名胜.shp,entr_locat,"113.81811759463143,22.769199685887482",1
深圳市_风景名胜.shp,entr_locat,"113.79722807633169,22.75894702460383",1
深圳市_风景名胜.shp,entr_locat,"113.78168628525336,22.73798664789838",1
深圳市_风景名胜.shp,entr_locat,"113.77096912989967,22.732385145016273",1
深圳市_风景名胜.shp,entr_locat,"113.8027157546252,22.747286392799953",1
深圳市_风景名胜.shp,entr_locat,"113.80010894352766,22.740959074247336",1
深圳市_风景名胜.shp,exit_locat,[],30
深圳市_风景名胜.shp,exit_locat,"114.070978,22.655907",1
深圳市_风景名胜.shp,exit_locat,"114.102902,22.549041",1
深圳市_风景名胜.shp,exit_locat,"113.859543,22.771707",1
深圳市_风景名胜.shp,exit_locat,"114.035646,22.557746",1
深圳市_风景名胜.shp,exit_locat,"114.150267,22.610434",1
深圳市_风景名胜.shp,exit_locat,"114.120721,22.557395",1
深圳市_风景名胜.shp,exit_locat,"113.812311,22.779572",1
深圳市_风景名胜.shp,exit_locat,"113.813841,22.778976",1
深圳市_风景名胜.shp,exit_locat,"113.804611,22.778783",1
深圳市_风景名胜.shp,exit_locat,"113.82242,22.774699",1
深圳市_风景名胜.shp,exit_locat,"113.825068,22.77585",1
深圳市_风景名胜.shp,exit_locat,"113.812959,22.756819",1
深圳市_风景名胜.shp,exit_locat,"113.812965,22.753235",1
深圳市_风景名胜.shp,exit_locat,"113.823172,22.766302",1
深圳市_风景名胜.shp,exit_locat,"113.802334,22.756082",1
深圳市_风景名胜.shp,exit_locat,"113.786823,22.735136",1
深圳市_风景名胜.shp,exit_locat,"113.776123,22.729543",1
深圳市_风景名胜.shp,exit_locat,"113.807808,22.744409",1
深圳市_风景名胜.shp,exit_locat,"113.805207,22.738084",1
深圳市_餐饮服务.shp,entr_locat,[],49
深圳市_餐饮服务.shp,entr_locat,"113.80553428445691,22.783548447965213",1
深圳市_餐饮服务.shp,exit_locat,[],49
深圳市_餐饮服务.shp,exit_locat,"113.810622,22.780678",1
