stage,treated,control,n_treated_pre,n_control_pre,status,n_matched,att_dLST,att_ci_lo,att_ci_hi,treated_raw_dLST,control_raw_dLST,caliper,covariates
2000_2005,green_space_to_living,green_space_stable,829,9800,ok,828.0,0.452,0.343,0.561,1.249,0.798,0.4145,"DEM_mean_t0,slope_mean_t0,NDVI_mean_t0,NDBI_mean_t0,MNDWI_mean_t0,MODIS_LST_t0"
2000_2005,green_space_to_production,green_space_stable,359,9800,ok,358.0,0.414,0.268,0.569,1.172,0.758,0.4614,"DEM_mean_t0,slope_mean_t0,NDVI_mean_t0,NDBI_mean_t0,MNDWI_mean_t0,MODIS_LST_t0"
2000_2005,farmland_to_living,farmland_stable,847,968,ok,844.0,0.399,0.295,0.501,1.312,0.914,0.0997,"DEM_mean_t0,slope_mean_t0,NDVI_mean_t0,NDBI_mean_t0,MNDWI_mean_t0,MODIS_LST_t0"
2000_2005,farmland_to_production,farmland_stable,415,968,ok,415.0,0.383,0.255,0.505,1.296,0.913,0.0887,"DEM_mean_t0,slope_mean_t0,NDVI_mean_t0,NDBI_mean_t0,MNDWI_mean_t0,MODIS_LST_t0"
2000_2005,water_to_living,water_stable,330,927,ok,330.0,1.216,1.024,1.405,2.371,1.156,0.3334,"DEM_mean_t0,slope_mean_t0,NDVI_mean_t0,NDBI_mean_t0,MNDWI_mean_t0,MODIS_LST_t0"
2000_2005,water_to_production,water_stable,94,927,ok,94.0,1.749,1.358,2.142,2.854,1.104,0.2719,"DEM_mean_t0,slope_mean_t0,NDVI_mean_t0,NDBI_mean_t0,MNDWI_mean_t0,MODIS_LST_t0"
2000_2005,living_to_production,living_stable,167,823,ok,167.0,-0.1,-0.357,0.141,1.312,1.412,0.116,"DEM_mean_t0,slope_mean_t0,NDVI_mean_t0,NDBI_mean_t0,MNDWI_mean_t0,MODIS_LST_t0"
2000_2005,production_to_living,production_stable,82,75,skipped_insufficient_samples,,,,,,,,
2005_2010,green_space_to_living,green_space_stable,885,9251,ok,885.0,0.374,0.27,0.474,1.034,0.66,0.5923,"DEM_mean_t0,slope_mean_t0,NDVI_mean_t0,NDBI_mean_t0,MNDWI_mean_t0,MODIS_LST_t0"
2005_2010,green_space_to_production,green_space_stable,423,9251,ok,419.0,0.522,0.368,0.681,1.287,0.765,0.5201,"DEM_mean_t0,slope_mean_t0,NDVI_mean_t0,NDBI_mean_t0,MNDWI_mean_t0,MODIS_LST_t0"
2005_2010,farmland_to_living,farmland_stable,631,422,ok,631.0,0.159,0.048,0.277,1.263,1.104,0.2457,"DEM_mean_t0,slope_mean_t0,NDVI_mean_t0,NDBI_mean_t0,MNDWI_mean_t0,MODIS_LST_t0"
2005_2010,farmland_to_production,farmland_stable,284,422,ok,275.0,0.045,-0.15,0.23,1.35,1.305,0.269,"DEM_mean_t0,slope_mean_t0,NDVI_mean_t0,NDBI_mean_t0,MNDWI_mean_t0,MODIS_LST_t0"
2005_2010,water_to_living,water_stable,303,831,ok,303.0,0.807,0.635,0.988,0.942,0.135,0.4301,"DEM_mean_t0,slope_mean_t0,NDVI_mean_t0,NDBI_mean_t0,MNDWI_mean_t0,MODIS_LST_t0"
2005_2010,water_to_production,water_stable,34,831,skipped_insufficient_samples,,,,,,,,
2005_2010,living_to_production,living_stable,459,2069,ok,458.0,0.14,-0.012,0.289,1.257,1.117,0.1117,"DEM_mean_t0,slope_mean_t0,NDVI_mean_t0,NDBI_mean_t0,MNDWI_mean_t0,MODIS_LST_t0"
2005_2010,production_to_living,production_stable,401,591,ok,392.0,-0.137,-0.308,0.015,1.192,1.328,0.1195,"DEM_mean_t0,slope_mean_t0,NDVI_mean_t0,NDBI_mean_t0,MNDWI_mean_t0,MODIS_LST_t0"
2010_2015,green_space_to_living,green_space_stable,1020,8675,ok,1020.0,0.083,0.011,0.157,0.364,0.281,0.6539,"DEM_mean_t0,slope_mean_t0,NDVI_mean_t0,NDBI_mean_t0,MNDWI_mean_t0,MODIS_LST_t0"
2010_2015,green_space_to_production,green_space_stable,442,8675,ok,442.0,0.261,0.129,0.377,0.497,0.235,0.5905,"DEM_mean_t0,slope_mean_t0,NDVI_mean_t0,NDBI_mean_t0,MNDWI_mean_t0,MODIS_LST_t0"
2010_2015,farmland_to_living,farmland_stable,270,148,ok,252.0,-0.15,-0.301,-0.006,0.327,0.478,0.2304,"DEM_mean_t0,slope_mean_t0,NDVI_mean_t0,NDBI_mean_t0,MNDWI_mean_t0,MODIS_LST_t0"
2010_2015,farmland_to_production,farmland_stable,197,148,ok,170.0,0.029,-0.144,0.188,0.368,0.339,0.2773,"DEM_mean_t0,slope_mean_t0,NDVI_mean_t0,NDBI_mean_t0,MNDWI_mean_t0,MODIS_LST_t0"
2010_2015,water_to_living,water_stable,169,599,ok,169.0,-0.148,-0.356,0.059,0.479,0.627,0.5885,"DEM_mean_t0,slope_mean_t0,NDVI_mean_t0,NDBI_mean_t0,MNDWI_mean_t0,MODIS_LST_t0"
2010_2015,water_to_production,water_stable,40,599,skipped_insufficient_samples,,,,,,,,
2010_2015,living_to_production,living_stable,982,2961,ok,979.0,0.066,-0.025,0.16,0.389,0.323,0.1293,"DEM_mean_t0,slope_mean_t0,NDVI_mean_t0,NDBI_mean_t0,MNDWI_mean_t0,MODIS_LST_t0"
2010_2015,production_to_living,production_stable,648,1021,ok,647.0,-0.18,-0.294,-0.073,0.395,0.575,0.0849,"DEM_mean_t0,slope_mean_t0,NDVI_mean_t0,NDBI_mean_t0,MNDWI_mean_t0,MODIS_LST_t0"
2015_2020,green_space_to_living,green_space_stable,1143,8068,ok,1143.0,0.044,-0.033,0.128,0.005,-0.038,0.4378,"DEM_mean_t0,slope_mean_t0,NDVI_mean_t0,NDBI_mean_t0,MNDWI_mean_t0,MODIS_LST_t0"
2015_2020,green_space_to_production,green_space_stable,269,8068,ok,269.0,0.182,0.014,0.358,0.275,0.093,0.4154,"DEM_mean_t0,slope_mean_t0,NDVI_mean_t0,NDBI_mean_t0,MNDWI_mean_t0,MODIS_LST_t0"
2015_2020,farmland_to_living,farmland_stable,110,68,skipped_insufficient_samples,,,,,,,,
2015_2020,farmland_to_production,farmland_stable,34,68,skipped_insufficient_samples,,,,,,,,
2015_2020,water_to_living,water_stable,144,278,ok,135.0,-0.153,-0.371,0.067,-0.405,-0.252,0.5679,"DEM_mean_t0,slope_mean_t0,NDVI_mean_t0,NDBI_mean_t0,MNDWI_mean_t0,MODIS_LST_t0"
2015_2020,water_to_production,water_stable,24,278,skipped_insufficient_samples,,,,,,,,
2015_2020,living_to_production,living_stable,763,4010,ok,763.0,0.004,-0.099,0.102,0.196,0.192,0.1516,"DEM_mean_t0,slope_mean_t0,NDVI_mean_t0,NDBI_mean_t0,MNDWI_mean_t0,MODIS_LST_t0"
2015_2020,production_to_living,production_stable,1084,1389,ok,1079.0,-0.125,-0.219,-0.031,0.274,0.398,0.1006,"DEM_mean_t0,slope_mean_t0,NDVI_mean_t0,NDBI_mean_t0,MNDWI_mean_t0,MODIS_LST_t0"
